"Date","Price","Open","High","Low","Change %"
"May 12, 2019","123.42","123.43","123.43","123.18","-0.09%"
"May 10, 2019","123.53","123.09","123.64","123.03","0.32%"
"May 09, 2019","123.14","123.25","123.34","122.48","-0.06%"
"May 08, 2019","123.22","123.36","123.52","123.08","-0.14%"
"May 07, 2019","123.39","124.05","124.27","123.09","-0.54%"
"May 06, 2019","124.06","123.87","124.35","123.37","0.25%"
"May 05, 2019","123.75","123.86","124.13","123.47","-0.57%"
"May 03, 2019","124.46","124.65","124.73","124.26","-0.16%"
"May 02, 2019","124.66","124.78","125.14","124.53","-0.04%"
"May 01, 2019","124.71","125.01","125.21","124.66","-0.21%"
"Apr 30, 2019","124.97","124.88","125.06","124.39","0.06%"
"Apr 29, 2019","124.89","124.44","125.08","124.32","0.38%"
"Apr 28, 2019","124.42","124.43","124.58","124.31","0.00%"
"Apr 26, 2019","124.42","124.26","124.65","123.98","0.12%"
"Apr 25, 2019","124.27","125.20","125.23","124.12","-0.69%"
"Apr 24, 2019","125.13","125.60","125.68","124.80","-0.38%"
"Apr 23, 2019","125.61","126.05","126.11","125.28","-0.33%"
"Apr 22, 2019","126.03","125.88","126.12","125.75","0.15%"
"Apr 21, 2019","125.84","125.86","125.92","125.75","-0.04%"
"Apr 19, 2019","125.89","125.86","125.97","125.70","0.10%"
"Apr 18, 2019","125.76","126.60","126.71","125.67","-0.66%"
"Apr 17, 2019","126.59","126.36","126.89","126.31","0.19%"
"Apr 16, 2019","126.35","126.66","126.77","126.19","-0.28%"
"Apr 15, 2019","126.70","126.58","126.81","126.47","0.06%"
"Apr 14, 2019","126.63","126.57","126.70","126.46","0.02%"
"Apr 12, 2019","126.61","125.64","126.81","125.62","0.76%"
"Apr 11, 2019","125.66","125.16","125.78","125.05","0.40%"
"Apr 10, 2019","125.16","125.16","125.45","124.77","-0.01%"
"Apr 09, 2019","125.17","125.64","125.69","125.11","-0.29%"
"Apr 08, 2019","125.54","125.33","125.69","124.99","0.17%"
"Apr 07, 2019","125.33","125.32","125.46","125.26","0.01%"
"Apr 05, 2019","125.32","125.31","125.55","125.20","0.02%"
"Apr 04, 2019","125.30","125.23","125.41","124.95","0.04%"
"Apr 03, 2019","125.25","124.71","125.47","124.60","0.41%"
"Apr 02, 2019","124.74","124.91","124.95","124.47","-0.10%"
"Apr 01, 2019","124.86","124.34","124.97","124.25","0.24%"
"Mar 31, 2019","124.57","124.68","124.79","124.45","0.16%"
"Mar 29, 2019","124.36","124.15","124.67","124.12","0.10%"
"Mar 28, 2019","124.23","124.27","124.47","123.66","-0.02%"
"Mar 27, 2019","124.26","124.65","124.76","124.03","-0.30%"
"Mar 26, 2019","124.64","124.40","125.06","124.35","0.19%"
"Mar 25, 2019","124.40","124.40","124.85","123.89","0.03%"
"Mar 24, 2019","124.36","124.38","124.43","123.98","-0.00%"
"Mar 22, 2019","124.37","126.04","126.21","123.82","-1.32%"
"Mar 21, 2019","126.04","126.34","126.63","125.68","-0.24%"
"Mar 20, 2019","126.34","126.44","126.92","126.31","-0.08%"
"Mar 19, 2019","126.44","126.36","126.64","126.08","0.09%"
"Mar 18, 2019","126.32","126.19","126.71","126.09","0.03%"
"Mar 17, 2019","126.29","126.26","126.32","126.13","0.04%"
"Mar 15, 2019","126.24","126.29","126.59","126.09","-0.03%"
"Mar 14, 2019","126.28","125.92","126.60","125.91","0.29%"
"Mar 13, 2019","125.91","125.70","126.06","125.44","0.16%"
"Mar 12, 2019","125.71","125.10","125.87","125.02","0.48%"
"Mar 11, 2019","125.11","124.92","125.25","124.48","0.28%"
"Mar 10, 2019","124.76","124.99","125.00","124.67","-0.15%"
"Mar 08, 2019","124.95","124.92","125.08","124.28","0.02%"
"Mar 07, 2019","124.92","126.37","126.49","124.66","-1.15%"
"Mar 06, 2019","126.37","126.52","126.65","126.17","-0.13%"
"Mar 05, 2019","126.53","126.71","126.98","126.34","-0.15%"
"Mar 04, 2019","126.72","127.30","127.47","126.42","-0.48%"
"Mar 03, 2019","127.33","127.29","127.46","127.14","0.00%"
"Mar 01, 2019","127.33","126.69","127.61","126.56","0.53%"
"Feb 28, 2019","126.66","126.19","126.94","125.88","0.37%"
"Feb 27, 2019","126.19","125.95","126.38","125.50","0.13%"
"Feb 26, 2019","126.03","126.25","126.31","125.72","-0.10%"
"Feb 25, 2019","126.16","125.50","126.31","125.30","0.42%"
"Feb 24, 2019","125.64","125.57","125.67","125.35","0.06%"
"Feb 22, 2019","125.56","125.50","125.83","125.36","0.05%"
"Feb 21, 2019","125.50","125.67","125.88","125.29","-0.14%"
"Feb 20, 2019","125.68","125.48","125.97","125.33","0.18%"
"Feb 19, 2019","125.46","125.11","125.58","124.73","0.27%"
"Feb 18, 2019","125.12","124.74","125.33","124.64","0.18%"
"Feb 17, 2019","124.89","124.81","124.91","124.61","0.11%"
"Feb 15, 2019","124.75","124.79","124.97","124.21","-0.03%"
"Feb 14, 2019","124.79","125.02","125.47","124.72","-0.17%"
"Feb 13, 2019","125.00","125.14","125.56","124.97","-0.10%"
"Feb 12, 2019","125.13","124.48","125.30","124.40","0.54%"
"Feb 11, 2019","124.46","124.30","124.90","124.18","0.08%"
"Feb 10, 2019","124.36","124.36","124.41","124.19","0.02%"
"Feb 08, 2019","124.33","124.61","124.73","124.16","-0.22%"
"Feb 07, 2019","124.61","124.95","125.12","124.33","-0.26%"
"Feb 06, 2019","124.94","125.53","125.58","124.81","-0.46%"
"Feb 05, 2019","125.52","125.70","125.90","125.26","-0.15%"
"Feb 04, 2019","125.71","125.44","125.98","125.33","0.27%"
"Feb 03, 2019","125.37","125.40","125.54","125.32","-0.06%"
"Feb 01, 2019","125.44","124.65","125.77","124.36","0.64%"
"Jan 31, 2019","124.64","125.16","125.31","124.47","-0.42%"
"Jan 30, 2019","125.16","125.06","125.50","124.88","0.08%"
"Jan 29, 2019","125.06","124.99","125.29","124.66","0.09%"
"Jan 28, 2019","124.95","124.94","125.08","124.59","0.05%"
"Jan 27, 2019","124.89","125.04","125.04","124.84","-0.07%"
"Jan 25, 2019","124.97","123.98","125.36","123.76","0.81%"
"Jan 24, 2019","123.97","124.72","124.92","123.78","-0.61%"
"Jan 23, 2019","124.73","124.22","124.95","124.19","0.39%"
"Jan 22, 2019","124.24","124.64","124.84","124.01","-0.34%"
"Jan 21, 2019","124.66","124.77","125.19","124.51","0.01%"
"Jan 20, 2019","124.64","124.82","125.16","124.63","-0.08%"
"Jan 18, 2019","124.74","124.51","125.01","124.21","0.22%"
"Jan 17, 2019","124.47","124.30","124.70","123.72","0.09%"
"Jan 16, 2019","124.36","124.06","124.44","123.53","0.27%"
"Jan 15, 2019","124.03","124.09","124.89","123.39","-0.09%"
"Jan 14, 2019","124.14","124.55","124.55","123.75","-0.12%"
"Jan 13, 2019","124.29","124.50","124.56","124.00","-0.17%"
"Jan 11, 2019","124.50","124.69","125.03","124.22","-0.15%"
"Jan 10, 2019","124.69","124.85","125.07","124.34","-0.12%"
"Jan 09, 2019","124.84","124.44","125.11","124.36","0.34%"
"Jan 08, 2019","124.42","124.77","124.89","124.11","-0.26%"
"Jan 07, 2019","124.75","123.69","124.83","123.42","0.71%"
"Jan 06, 2019","123.86","123.65","124.01","123.63","0.16%"
"Jan 04, 2019","123.67","122.65","123.90","122.58","0.82%"
"Jan 03, 2019","122.67","123.53","123.62","118.93","-0.68%"
"Jan 02, 2019","123.51","125.79","125.85","123.49","-1.80%"
"Jan 01, 2019","125.78","125.64","126.64","125.28","0.07%"
"Dec 31, 2018","125.69","126.19","126.50","125.36","-0.44%"
"Dec 30, 2018","126.25","126.18","126.36","126.16","0.05%"
"Dec 28, 2018","126.19","126.88","126.97","126.05","-0.55%"
"Dec 27, 2018","126.89","126.43","127.08","125.92","0.36%"
"Dec 26, 2018","126.43","125.32","126.49","125.13","0.89%"
"Dec 25, 2018","125.31","125.90","126.05","125.23","-0.48%"
"Dec 24, 2018","125.91","126.51","126.80","125.77","-0.31%"
"Dec 23, 2018","126.30","126.17","126.42","126.15","-0.15%"
"Dec 21, 2018","126.49","127.38","127.71","126.35","-0.70%"
"Dec 20, 2018","127.38","127.95","128.38","127.17","-0.46%"
"Dec 19, 2018","127.97","127.86","128.41","127.53","0.10%"
"Dec 18, 2018","127.84","128.03","128.12","127.62","-0.16%"
"Dec 17, 2018","128.04","128.26","128.61","127.84","-0.12%"
"Dec 16, 2018","128.20","128.14","128.23","128.12","-0.03%"
"Dec 14, 2018","128.24","129.10","129.25","127.97","-0.68%"
"Dec 13, 2018","129.12","128.81","129.28","128.71","0.26%"
"Dec 12, 2018","128.79","128.31","128.88","128.25","0.37%"
"Dec 11, 2018","128.31","128.68","128.99","128.13","-0.32%"
"Dec 10, 2018","128.72","128.25","128.95","128.10","0.35%"
"Dec 09, 2018","128.27","128.31","128.43","128.18","0.00%"
"Dec 07, 2018","128.27","128.19","128.70","128.11","0.07%"
"Dec 06, 2018","128.18","128.44","128.49","127.66","-0.18%"
"Dec 05, 2018","128.41","127.92","128.50","127.75","0.35%"
"Dec 04, 2018","127.96","129.05","129.09","127.59","-0.85%"
"Dec 03, 2018","129.06","128.42","129.42","128.40","0.02%"
"Dec 02, 2018","129.04","128.99","129.08","128.82","0.48%"
"Nov 30, 2018","128.42","129.29","129.36","128.41","-0.67%"
"Nov 29, 2018","129.29","129.24","129.34","128.65","0.05%"
"Nov 28, 2018","129.22","128.46","129.26","128.21","0.61%"
"Nov 27, 2018","128.44","128.67","128.85","128.33","-0.19%"
"Nov 26, 2018","128.68","128.13","128.93","127.91","0.52%"
"Nov 25, 2018","128.02","128.06","128.06","127.94","-0.06%"
"Nov 23, 2018","128.10","128.85","128.95","127.80","-0.58%"
"Nov 22, 2018","128.85","128.71","129.12","128.62","0.11%"
"Nov 21, 2018","128.71","128.23","129.09","128.08","0.38%"
"Nov 20, 2018","128.22","128.91","129.03","127.94","-0.54%"
"Nov 19, 2018","128.91","128.86","129.10","128.45","0.19%"
"Nov 18, 2018","128.66","128.74","128.86","128.48","-0.16%"
"Nov 16, 2018","128.86","128.74","128.94","128.11","0.10%"
"Nov 15, 2018","128.73","128.50","129.09","127.76","0.17%"
"Nov 14, 2018","128.51","128.51","129.26","128.13","0.00%"
"Nov 13, 2018","128.51","127.71","128.78","127.48","0.63%"
"Nov 12, 2018","127.70","128.99","129.20","127.61","-0.95%"
"Nov 11, 2018","128.93","128.90","129.01","128.86","-0.08%"
"Nov 09, 2018","129.03","129.62","129.68","128.72","-0.46%"
"Nov 08, 2018","129.62","129.68","130.13","129.37","-0.07%"
"Nov 07, 2018","129.71","129.63","130.18","129.37","0.07%"
"Nov 06, 2018","129.62","129.13","129.69","128.85","0.39%"
"Nov 05, 2018","129.12","128.93","129.34","128.64","0.13%"
"Nov 04, 2018","128.95","128.87","129.01","128.86","0.03%"
"Nov 02, 2018","128.91","128.58","129.36","128.37","0.25%"
"Nov 01, 2018","128.59","127.75","128.79","127.61","0.66%"
"Oct 31, 2018","127.75","128.35","128.57","127.62","-0.43%"
"Oct 30, 2018","128.30","127.78","128.44","127.69","0.39%"
"Oct 29, 2018","127.80","127.65","128.26","127.22","0.18%"
"Oct 28, 2018","127.57","127.47","127.64","127.47","-0.05%"
"Oct 26, 2018","127.63","127.88","127.94","126.62","-0.20%"
"Oct 25, 2018","127.88","127.89","128.47","127.47","0.00%"
"Oct 24, 2018","127.88","128.99","129.24","127.75","-0.87%"
"Oct 23, 2018","129.00","129.34","129.41","128.19","-0.27%"
"Oct 22, 2018","129.35","129.53","130.25","129.21","-0.08%"
"Oct 21, 2018","129.45","129.65","129.68","129.39","-0.11%"
"Oct 19, 2018","129.59","128.47","129.71","128.40","0.85%"
"Oct 18, 2018","128.50","129.54","129.76","128.30","-0.82%"
"Oct 17, 2018","129.56","129.94","130.18","129.15","-0.28%"
"Oct 16, 2018","129.93","129.42","130.31","129.40","0.39%"
"Oct 15, 2018","129.42","129.67","129.83","129.13","-0.15%"
"Oct 14, 2018","129.61","129.43","129.65","129.42","-0.10%"
"Oct 12, 2018","129.74","130.05","130.52","129.34","-0.23%"
"Oct 11, 2018","130.04","129.32","130.21","129.16","0.54%"
"Oct 10, 2018","129.34","129.80","130.52","129.29","-0.35%"
"Oct 09, 2018","129.79","130.13","130.25","129.31","-0.26%"
"Oct 08, 2018","130.13","130.99","131.27","129.49","-0.69%"
"Oct 07, 2018","131.04","131.13","131.15","130.96","-0.02%"
"Oct 05, 2018","131.06","131.18","131.41","130.59","-0.09%"
"Oct 04, 2018","131.18","131.44","131.59","130.72","-0.21%"
"Oct 03, 2018","131.46","131.24","131.99","130.95","0.15%"
"Oct 02, 2018","131.26","131.91","132.03","130.71","-0.49%"
"Oct 01, 2018","131.90","131.99","132.50","131.72","-0.12%"
"Sep 30, 2018","132.06","132.12","132.17","131.99","0.05%"
"Sep 28, 2018","131.99","131.97","132.33","131.14","0.00%"
"Sep 27, 2018","131.99","132.34","132.71","131.56","-0.26%"
"Sep 26, 2018","132.34","133.00","133.12","132.19","-0.50%"
"Sep 25, 2018","133.00","132.50","133.12","132.34","0.36%"
"Sep 24, 2018","132.52","132.30","133.09","131.90","0.23%"
"Sep 23, 2018","132.21","132.08","132.25","132.06","-0.05%"
"Sep 21, 2018","132.28","132.47","133.15","132.12","-0.15%"
"Sep 20, 2018","132.48","131.05","132.53","130.87","1.08%"
"Sep 19, 2018","131.07","131.07","131.70","130.76","-0.02%"
"Sep 18, 2018","131.10","130.69","131.53","130.29","0.32%"
"Sep 17, 2018","130.68","130.24","131.06","130.07","0.41%"
"Sep 16, 2018","130.14","130.25","130.31","130.13","-0.14%"
"Sep 14, 2018","130.32","130.85","131.15","130.16","-0.40%"
"Sep 13, 2018","130.84","129.35","130.97","129.23","1.14%"
"Sep 12, 2018","129.36","129.54","129.85","128.91","-0.16%"
"Sep 11, 2018","129.57","128.84","129.84","128.75","0.57%"
"Sep 10, 2018","128.84","128.29","129.10","127.86","0.47%"
"Sep 09, 2018","128.24","128.28","128.39","128.14","-0.06%"
"Sep 07, 2018","128.32","128.75","129.16","128.03","-0.31%"
"Sep 06, 2018","128.72","129.72","129.84","128.48","-0.76%"
"Sep 05, 2018","129.71","129.07","129.98","128.59","0.48%"
"Sep 04, 2018","129.09","129.12","129.21","128.30","-0.02%"
"Sep 03, 2018","129.12","128.81","129.16","128.54","0.16%"
"Sep 02, 2018","128.91","128.87","128.97","128.82","0.03%"
"Aug 31, 2018","128.87","129.53","129.88","128.56","-0.51%"
"Aug 30, 2018","129.53","130.72","130.88","129.37","-0.93%"
"Aug 29, 2018","130.75","130.04","130.88","129.56","0.55%"
"Aug 28, 2018","130.04","129.74","130.31","129.61","0.25%"
"Aug 27, 2018","129.72","129.38","129.84","128.76","0.08%"
"Aug 26, 2018","129.61","129.31","129.67","129.31","0.25%"
"Aug 24, 2018","129.29","128.42","129.47","128.32","0.67%"
"Aug 23, 2018","128.43","128.19","128.77","127.89","0.17%"
"Aug 22, 2018","128.21","127.61","128.30","127.30","0.45%"
"Aug 21, 2018","127.63","126.39","128.09","126.27","0.99%"
"Aug 20, 2018","126.38","126.44","126.53","126.06","0.01%"
"Aug 19, 2018","126.37","126.52","126.52","126.36","-0.02%"
"Aug 17, 2018","126.39","126.16","126.61","125.55","0.17%"
"Aug 16, 2018","126.17","125.64","126.52","125.28","0.42%"
"Aug 15, 2018","125.64","126.09","126.40","124.88","-0.36%"
"Aug 14, 2018","126.09","126.34","127.02","125.79","-0.19%"
"Aug 13, 2018","126.33","126.36","126.81","125.14","0.21%"
"Aug 12, 2018","126.06","125.65","126.22","125.62","-0.42%"
"Aug 10, 2018","126.59","128.06","128.13","125.97","-1.14%"
"Aug 09, 2018","128.05","128.87","129.03","128.01","-0.64%"
"Aug 08, 2018","128.87","129.19","129.47","128.51","-0.26%"
"Aug 07, 2018","129.20","128.74","129.26","128.58","0.38%"
"Aug 06, 2018","128.71","128.73","128.89","128.47","0.08%"
"Aug 05, 2018","128.61","128.69","128.74","128.57","-0.08%"
"Aug 03, 2018","128.71","129.32","129.54","128.62","-0.49%"
"Aug 02, 2018","129.34","130.26","130.34","129.24","-0.71%"
"Aug 01, 2018","130.27","130.82","131.13","130.02","-0.41%"
"Jul 31, 2018","130.80","130.03","131.15","129.71","0.61%"
"Jul 30, 2018","130.01","129.49","130.10","129.28","0.50%"
"Jul 29, 2018","129.36","129.34","129.44","129.29","-0.07%"
"Jul 27, 2018","129.45","129.49","129.56","129.08","-0.04%"
"Jul 26, 2018","129.50","130.16","130.31","129.44","-0.51%"
"Jul 25, 2018","130.16","129.92","130.27","129.36","0.17%"
"Jul 24, 2018","129.94","130.18","130.41","129.72","-0.18%"
"Jul 23, 2018","130.18","130.66","130.88","129.86","-0.16%"
"Jul 22, 2018","130.39","130.63","130.74","130.39","-0.14%"
"Jul 20, 2018","130.57","130.94","131.25","130.53","-0.28%"
"Jul 19, 2018","130.94","131.34","131.51","130.71","-0.32%"
"Jul 18, 2018","131.36","131.64","131.80","130.86","-0.21%"
"Jul 17, 2018","131.64","131.51","132.02","131.42","0.11%"
"Jul 16, 2018","131.50","131.13","131.73","131.07","0.18%"
"Jul 15, 2018","131.26","131.19","131.36","131.12","-0.04%"
"Jul 13, 2018","131.31","131.38","131.54","130.76","-0.07%"
"Jul 12, 2018","131.40","130.76","131.50","130.63","0.48%"
"Jul 11, 2018","130.77","130.34","130.99","129.91","0.32%"
"Jul 10, 2018","130.35","130.27","130.78","130.08","0.07%"
"Jul 09, 2018","130.26","129.80","130.28","129.54","0.37%"
"Jul 08, 2018","129.78","129.66","129.84","129.64","0.02%"
"Jul 06, 2018","129.75","129.31","130.00","129.21","0.32%"
"Jul 05, 2018","129.33","128.76","129.66","128.57","0.43%"
"Jul 04, 2018","128.78","128.94","129.04","128.47","-0.11%"
"Jul 03, 2018","128.92","129.10","129.59","128.70","-0.12%"
"Jul 02, 2018","129.07","128.97","129.51","128.37","-0.19%"
"Jul 01, 2018","129.32","129.15","129.35","129.12","-0.01%"
"Jun 29, 2018","129.33","127.83","129.51","127.67","1.17%"
"Jun 28, 2018","127.83","127.41","127.96","127.14","0.35%"
"Jun 27, 2018","127.39","128.18","128.37","127.25","-0.62%"
"Jun 26, 2018","128.19","128.47","128.53","127.78","-0.23%"
"Jun 25, 2018","128.48","128.26","128.85","127.26","0.22%"
"Jun 24, 2018","128.20","128.17","128.29","128.13","0.01%"
"Jun 22, 2018","128.19","127.61","128.62","127.48","0.44%"
"Jun 21, 2018","127.63","127.71","128.07","127.00","-0.05%"
"Jun 20, 2018","127.70","127.54","127.95","127.09","0.12%"
"Jun 19, 2018","127.55","128.51","128.62","126.63","-0.73%"
"Jun 18, 2018","128.49","128.47","128.52","127.79","0.17%"
"Jun 17, 2018","128.27","128.29","128.45","128.24","-0.16%"
"Jun 15, 2018","128.48","127.98","128.54","127.69","0.39%"
"Jun 14, 2018","127.98","130.09","130.38","127.89","-1.63%"
"Jun 13, 2018","130.10","129.65","130.38","129.59","0.35%"
"Jun 12, 2018","129.64","129.67","130.32","129.50","-0.02%"
"Jun 11, 2018","129.66","128.88","130.07","128.59","0.51%"
"Jun 10, 2018","129.00","128.73","129.01","128.72","0.07%"
"Jun 08, 2018","128.91","129.46","129.76","128.12","-0.41%"
"Jun 07, 2018","129.44","129.73","130.31","129.30","-0.22%"
"Jun 06, 2018","129.72","128.66","129.84","128.57","0.82%"
"Jun 05, 2018","128.66","128.46","128.73","127.76","0.15%"
"Jun 04, 2018","128.47","127.70","128.69","127.58","0.45%"
"Jun 03, 2018","127.89","127.63","127.91","127.63","0.13%"
"Jun 01, 2018","127.73","127.22","128.16","127.08","0.39%"
"May 31, 2018","127.23","127.02","127.75","126.31","0.17%"
"May 30, 2018","127.02","125.50","127.33","124.95","1.20%"
"May 29, 2018","125.52","127.20","127.31","124.61","-1.31%"
"May 28, 2018","127.19","127.44","128.54","126.83","-0.73%"
"May 27, 2018","128.12","128.26","128.37","128.03","0.51%"
"May 25, 2018","127.47","128.05","128.57","127.13","-0.45%"
"May 24, 2018","128.04","128.76","128.89","127.71","-0.55%"
"May 23, 2018","128.75","130.60","130.72","128.20","-1.43%"
"May 22, 2018","130.62","130.95","131.38","130.57","-0.25%"
"May 21, 2018","130.95","130.40","131.03","130.24","0.39%"
"May 18, 2018","130.44","130.66","131.16","130.22","-0.16%"
"May 17, 2018","130.65","130.37","130.87","130.20","0.24%"
"May 16, 2018","130.34","130.62","130.69","129.47","-0.21%"
"May 15, 2018","130.62","130.78","131.15","130.40","-0.13%"
"May 14, 2018","130.79","130.69","131.41","130.51","0.10%"
"May 11, 2018","130.66","130.37","130.72","129.99","0.25%"
"May 10, 2018","130.34","130.08","130.80","129.98","0.22%"
"May 09, 2018","130.05","129.44","130.49","129.31","0.45%"
"May 08, 2018","129.47","130.06","130.16","129.22","-0.45%"
"May 07, 2018","130.06","130.44","130.66","129.94","-0.34%"
"May 04, 2018","130.51","130.91","130.98","129.88","-0.31%"
"May 03, 2018","130.91","131.28","131.69","130.25","-0.28%"
"May 02, 2018","131.28","131.76","132.10","131.19","-0.36%"
"May 01, 2018","131.76","132.06","132.12","131.51","-0.23%"
"Apr 30, 2018","132.06","132.16","132.56","131.85","-0.16%"
"Apr 27, 2018","132.27","132.31","132.43","131.86","-0.02%"
"Apr 26, 2018","132.29","133.07","133.28","132.27","-0.59%"
"Apr 25, 2018","133.07","133.11","133.37","132.91","-0.04%"
"Apr 24, 2018","133.12","132.71","133.52","132.60","0.30%"
"Apr 23, 2018","132.72","132.31","132.81","132.09","0.32%"
"Apr 20, 2018","132.30","132.57","133.00","132.03","-0.20%"
"Apr 19, 2018","132.57","132.69","133.13","132.35","-0.09%"
"Apr 18, 2018","132.69","132.38","132.93","132.31","0.24%"
"Apr 17, 2018","132.37","132.60","132.79","132.08","-0.18%"
"Apr 16, 2018","132.61","132.31","132.99","132.11","0.18%"
"Apr 13, 2018","132.37","132.31","132.93","132.15","0.05%"
"Apr 12, 2018","132.31","132.08","132.37","131.80","0.18%"
"Apr 11, 2018","132.07","132.47","132.63","132.00","-0.29%"
"Apr 10, 2018","132.46","131.56","132.66","131.43","0.70%"
"Apr 09, 2018","131.54","131.27","132.02","131.09","0.15%"
"Apr 06, 2018","131.34","131.44","131.66","131.09","-0.08%"
"Apr 05, 2018","131.44","131.10","131.53","131.04","0.26%"
"Apr 04, 2018","131.10","130.81","131.22","130.21","0.22%"
"Apr 03, 2018","130.81","130.27","130.92","129.97","0.41%"
"Apr 02, 2018","130.27","131.00","131.33","129.98","-0.53%"
"Mar 30, 2018","130.96","130.91","131.12","130.60","0.03%"
"Mar 29, 2018","130.92","131.53","131.63","130.60","-0.45%"
"Mar 28, 2018","131.51","130.65","131.76","130.60","0.65%"
"Mar 27, 2018","130.66","131.18","131.84","130.59","-0.38%"
"Mar 26, 2018","131.16","129.37","131.38","129.12","1.38%"
"Mar 23, 2018","129.38","129.53","130.01","128.94","-0.10%"
"Mar 22, 2018","129.51","130.84","131.04","129.49","-1.02%"
"Mar 21, 2018","130.85","130.43","131.09","130.20","0.33%"
"Mar 20, 2018","130.42","130.86","131.72","130.32","-0.34%"
"Mar 19, 2018","130.87","130.35","131.09","129.61","0.48%"
"Mar 16, 2018","130.25","130.85","130.94","130.06","-0.46%"
"Mar 15, 2018","130.85","131.47","131.56","130.53","-0.49%"
"Mar 14, 2018","131.49","132.05","132.30","131.01","-0.42%"
"Mar 13, 2018","132.05","131.26","132.46","131.11","0.60%"
"Mar 12, 2018","131.26","131.49","131.73","130.97","-0.13%"
"Mar 09, 2018","131.43","130.78","131.93","130.70","0.51%"
"Mar 08, 2018","130.76","131.67","132.00","130.50","-0.68%"
"Mar 07, 2018","131.65","131.64","131.79","130.91","0.01%"
"Mar 06, 2018","131.64","131.01","132.05","130.59","0.48%"
"Mar 05, 2018","131.01","130.35","131.03","129.34","0.58%"
"Mar 02, 2018","130.26","130.32","130.46","129.54","-0.05%"
"Mar 01, 2018","130.33","130.08","130.79","129.75","0.19%"
"Feb 28, 2018","130.08","131.30","131.55","130.04","-0.93%"
"Feb 27, 2018","131.30","131.72","132.22","131.26","-0.32%"
"Feb 26, 2018","131.72","131.46","131.94","131.06","0.24%"
"Feb 23, 2018","131.40","131.60","131.84","130.88","-0.17%"
"Feb 22, 2018","131.63","132.38","132.44","131.28","-0.57%"
"Feb 21, 2018","132.39","132.44","133.09","132.25","-0.03%"
"Feb 20, 2018","132.43","132.29","132.53","132.11","0.13%"
"Feb 19, 2018","132.26","131.93","132.38","131.78","0.28%"
"Feb 16, 2018","131.89","132.74","133.14","131.82","-0.63%"
"Feb 15, 2018","132.72","133.22","133.34","132.49","-0.38%"
"Feb 14, 2018","133.23","133.20","133.43","131.58","0.03%"
"Feb 13, 2018","133.19","133.56","133.81","132.50","-0.28%"
"Feb 12, 2018","133.56","133.31","133.68","132.87","0.34%"
"Feb 09, 2018","133.11","133.19","134.19","131.97","-0.05%"
"Feb 08, 2018","133.18","134.07","134.81","132.92","-0.68%"
"Feb 07, 2018","134.09","135.61","135.87","133.82","-1.12%"
"Feb 06, 2018","135.61","134.90","135.81","133.96","0.50%"
"Feb 05, 2018","134.94","137.21","137.22","134.88","-1.65%"
"Feb 02, 2018","137.21","136.87","137.53","136.66","0.25%"
"Feb 01, 2018","136.87","135.63","137.00","135.44","0.91%"
"Jan 31, 2018","135.64","134.89","136.08","134.83","0.55%"
"Jan 30, 2018","134.90","134.93","135.23","134.14","-0.01%"
"Jan 29, 2018","134.91","134.99","135.35","134.29","-0.09%"
"Jan 26, 2018","135.03","135.63","136.18","134.56","-0.44%"
"Jan 25, 2018","135.63","135.51","136.29","135.00","0.07%"
"Jan 24, 2018","135.53","135.66","135.72","134.92","-0.10%"
"Jan 23, 2018","135.67","136.01","136.23","135.18","-0.25%"
"Jan 22, 2018","136.01","135.89","136.17","135.34","0.47%"
"Jan 19, 2018","135.38","135.97","136.07","135.18","-0.44%"
"Jan 18, 2018","135.98","135.63","136.34","135.45","0.28%"
"Jan 17, 2018","135.60","135.42","136.02","135.13","0.13%"
"Jan 16, 2018","135.43","135.56","136.15","134.97","-0.10%"
"Jan 15, 2018","135.56","135.44","136.01","135.01","0.18%"
"Jan 12, 2018","135.32","133.87","135.41","133.81","1.09%"
"Jan 11, 2018","133.86","133.12","134.39","133.04","0.55%"
"Jan 10, 2018","133.13","134.48","134.58","133.08","-1.00%"
"Jan 09, 2018","134.48","135.35","135.50","134.05","-0.64%"
"Jan 08, 2018","135.34","136.04","136.35","135.13","-0.51%"
"Jan 05, 2018","136.03","136.07","136.78","136.00","-0.02%"
"Jan 04, 2018","136.06","135.16","136.38","135.09","0.65%"
"Jan 03, 2018","135.18","135.41","135.56","134.81","-0.18%"
"Jan 02, 2018","135.42","135.33","135.67","134.93","0.09%"
"Jan 01, 2018","135.30","135.26","135.33","135.16","0.07%"
"Dec 29, 2017","135.20","134.81","135.56","134.52","0.28%"
"Dec 28, 2017","134.82","134.76","135.00","134.44","0.04%"
"Dec 27, 2017","134.76","134.28","135.00","134.17","0.36%"
"Dec 26, 2017","134.28","134.41","134.58","134.19","-0.13%"
"Dec 25, 2017","134.45","134.21","134.62","134.19","0.10%"
"Dec 22, 2017","134.32","134.56","134.60","133.91","-0.18%"
"Dec 21, 2017","134.56","134.59","134.89","134.41","-0.04%"
"Dec 20, 2017","134.61","133.65","134.79","133.60","0.71%"
"Dec 19, 2017","133.66","132.60","133.96","132.59","0.81%"
"Dec 18, 2017","132.59","132.38","133.03","132.12","0.20%"
"Dec 15, 2017","132.33","132.38","132.77","132.04","-0.04%"
"Dec 14, 2017","132.38","133.07","133.76","132.22","-0.54%"
"Dec 13, 2017","133.10","133.34","133.41","132.82","-0.17%"
"Dec 12, 2017","133.32","133.65","133.80","133.01","-0.25%"
"Dec 11, 2017","133.65","133.56","133.91","133.46","0.10%"
"Dec 08, 2017","133.51","133.12","133.61","133.07","0.29%"
"Dec 07, 2017","133.13","132.47","133.32","132.40","0.51%"
"Dec 06, 2017","132.46","133.15","133.27","132.25","-0.53%"
"Dec 05, 2017","133.16","133.40","133.79","133.01","-0.17%"
"Dec 04, 2017","133.39","133.21","134.08","133.21","0.06%"
"Dec 01, 2017","133.31","133.95","134.40","132.89","-0.49%"
"Nov 30, 2017","133.96","132.62","134.17","132.55","1.02%"
"Nov 29, 2017","132.61","131.99","132.81","131.88","0.45%"
"Nov 28, 2017","132.01","132.19","132.59","131.72","-0.13%"
"Nov 27, 2017","132.18","133.10","133.25","132.06","-0.68%"
"Nov 24, 2017","133.08","131.78","133.26","131.71","0.96%"
"Nov 23, 2017","131.81","131.48","131.92","131.22","0.25%"
"Nov 22, 2017","131.48","131.99","132.11","131.41","-0.39%"
"Nov 21, 2017","131.99","132.13","132.30","131.56","-0.11%"
"Nov 20, 2017","132.13","132.14","132.48","131.15","-0.05%"
"Nov 17, 2017","132.20","133.09","133.19","132.05","-0.66%"
"Nov 16, 2017","133.08","133.09","133.49","132.75","-0.01%"
"Nov 15, 2017","133.09","133.84","133.91","132.97","-0.57%"
"Nov 14, 2017","133.85","132.58","133.89","132.47","0.97%"
"Nov 13, 2017","132.56","132.46","132.66","131.93","0.09%"
"Nov 10, 2017","132.44","132.12","132.57","131.93","0.26%"
"Nov 09, 2017","132.09","132.02","132.27","131.50","0.04%"
"Nov 08, 2017","132.04","132.10","132.20","131.39","-0.05%"
"Nov 07, 2017","132.10","132.00","132.44","131.84","0.08%"
"Nov 06, 2017","132.00","132.41","133.15","132.00","-0.32%"
"Nov 03, 2017","132.43","133.01","133.27","132.39","-0.43%"
"Nov 02, 2017","133.00","132.65","133.17","132.56","0.26%"
"Nov 01, 2017","132.66","132.35","132.87","132.33","0.24%"
"Oct 31, 2017","132.34","131.86","132.59","131.52","0.36%"
"Oct 30, 2017","131.86","131.98","132.32","131.46","-0.10%"
"Oct 27, 2017","131.99","132.82","132.99","131.74","-0.61%"
"Oct 26, 2017","132.80","134.35","134.50","132.63","-1.17%"
"Oct 25, 2017","134.37","133.95","134.52","133.75","0.31%"
"Oct 24, 2017","133.96","133.26","134.21","133.19","0.51%"
"Oct 23, 2017","133.28","133.84","134.16","133.10","-0.37%"
"Oct 20, 2017","133.78","133.37","133.97","133.28","0.29%"
"Oct 19, 2017","133.39","133.14","133.65","132.48","0.20%"
"Oct 18, 2017","133.12","132.00","133.31","131.94","0.83%"
"Oct 17, 2017","132.02","132.36","132.41","131.84","-0.24%"
"Oct 16, 2017","132.34","132.26","132.41","131.65","0.07%"
"Oct 13, 2017","132.25","132.85","132.95","132.13","-0.44%"
"Oct 12, 2017","132.84","133.42","133.50","132.77","-0.43%"
"Oct 11, 2017","133.41","132.79","133.53","132.46","0.48%"
"Oct 10, 2017","132.77","132.26","132.88","132.21","0.37%"
"Oct 09, 2017","132.28","132.18","132.51","131.85","0.08%"
"Oct 06, 2017","132.18","132.12","132.80","131.96","0.05%"
"Oct 05, 2017","132.12","132.59","132.79","131.82","-0.36%"
"Oct 04, 2017","132.60","132.54","132.85","132.25","0.05%"
"Oct 03, 2017","132.54","132.30","132.92","132.20","0.17%"
"Oct 02, 2017","132.31","133.18","133.18","132.19","-0.44%"
"Sep 29, 2017","132.90","132.43","133.19","132.32","0.37%"
"Sep 28, 2017","132.41","132.52","132.92","132.29","-0.09%"
"Sep 27, 2017","132.53","132.34","132.76","132.06","0.13%"
"Sep 26, 2017","132.36","132.38","132.62","131.75","-0.02%"
"Sep 25, 2017","132.38","133.86","134.27","131.92","-1.06%"
"Sep 22, 2017","133.80","134.32","134.43","133.51","-0.39%"
"Sep 21, 2017","134.32","133.48","134.41","133.42","0.64%"
"Sep 20, 2017","133.47","133.85","134.26","133.23","-0.28%"
"Sep 19, 2017","133.85","133.36","134.20","133.23","0.35%"
"Sep 18, 2017","133.38","132.47","133.46","132.40","0.76%"
"Sep 15, 2017","132.38","131.38","133.15","130.57","0.75%"
"Sep 14, 2017","131.39","131.32","131.77","131.09","0.05%"
"Sep 13, 2017","131.32","131.84","132.03","131.25","-0.39%"
"Sep 12, 2017","131.84","130.76","131.93","130.66","0.82%"
"Sep 11, 2017","130.77","129.89","130.93","129.78","0.76%"
"Sep 08, 2017","129.79","130.41","130.70","129.47","-0.47%"
"Sep 07, 2017","130.40","130.18","131.11","129.90","0.17%"
"Sep 06, 2017","130.18","129.64","130.42","129.37","0.42%"
"Sep 05, 2017","129.64","130.54","130.67","129.39","-0.69%"
"Sep 04, 2017","130.54","129.72","130.74","129.59","-0.17%"
"Sep 01, 2017","130.76","130.98","131.65","130.65","-0.17%"
"Aug 31, 2017","130.98","131.00","131.61","130.70","-0.03%"
"Aug 30, 2017","131.02","131.42","131.73","130.98","-0.30%"
"Aug 29, 2017","131.41","130.87","131.63","129.65","0.40%"
"Aug 28, 2017","130.88","130.39","131.01","129.98","0.37%"
"Aug 25, 2017","130.40","129.26","130.44","129.09","0.88%"
"Aug 24, 2017","129.26","128.74","129.40","128.55","0.40%"
"Aug 23, 2017","128.75","128.87","129.16","128.47","-0.10%"
"Aug 22, 2017","128.88","128.78","129.21","128.31","0.10%"
"Aug 21, 2017","128.75","128.62","128.81","127.81","0.24%"
"Aug 18, 2017","128.44","128.49","128.84","127.56","-0.02%"
"Aug 17, 2017","128.46","129.68","129.72","128.32","-0.94%"
"Aug 16, 2017","129.68","129.88","130.44","129.50","-0.15%"
"Aug 15, 2017","129.88","129.15","130.07","129.05","0.57%"
"Aug 14, 2017","129.15","128.92","129.68","128.79","0.07%"
"Aug 11, 2017","129.06","128.56","129.18","128.03","0.38%"
"Aug 10, 2017","128.57","129.44","129.57","128.21","-0.68%"
"Aug 09, 2017","129.45","129.64","129.80","128.40","-0.15%"
"Aug 08, 2017","129.65","130.62","130.85","129.58","-0.75%"
"Aug 07, 2017","130.63","130.25","130.92","130.18","0.25%"
"Aug 04, 2017","130.30","130.63","131.17","130.11","-0.24%"
"Aug 03, 2017","130.62","131.25","131.36","130.45","-0.51%"
"Aug 02, 2017","131.29","130.25","131.44","130.16","0.81%"
"Aug 01, 2017","130.24","130.56","130.61","129.82","-0.25%"
"Jul 31, 2017","130.56","129.86","130.63","129.54","0.39%"
"Jul 28, 2017","130.05","129.94","130.44","129.53","0.12%"
"Jul 27, 2017","129.90","130.46","130.63","129.54","-0.42%"
"Jul 26, 2017","130.45","130.39","130.63","129.93","0.10%"
"Jul 25, 2017","130.32","129.31","130.59","129.22","0.75%"
"Jul 24, 2017","129.35","129.57","129.82","128.89","-0.19%"
"Jul 21, 2017","129.60","130.18","130.53","129.50","-0.42%"
"Jul 20, 2017","130.15","128.97","130.31","128.80","0.94%"
"Jul 19, 2017","128.94","129.50","129.57","128.57","-0.43%"
"Jul 18, 2017","129.50","129.29","129.79","129.06","0.16%"
"Jul 17, 2017","129.29","129.02","129.48","128.69","0.17%"
"Jul 14, 2017","129.07","129.10","129.54","128.58","-0.04%"
"Jul 13, 2017","129.12","129.15","129.69","128.47","-0.01%"
"Jul 12, 2017","129.13","130.66","130.72","129.05","-1.17%"
"Jul 11, 2017","130.66","130.00","130.81","129.94","0.51%"
"Jul 10, 2017","130.00","129.72","130.42","129.72","0.12%"
"Jul 07, 2017","129.85","129.32","130.15","129.13","0.39%"
"Jul 06, 2017","129.34","128.61","129.45","128.00","0.59%"
"Jul 05, 2017","128.58","128.52","129.11","128.15","0.05%"
"Jul 04, 2017","128.52","128.87","129.03","128.04","-0.25%"
"Jul 03, 2017","128.84","128.06","129.01","127.81","0.33%"
"Jun 30, 2017","128.41","128.38","128.65","127.47","0.05%"
"Jun 29, 2017","128.34","127.75","128.84","127.67","0.44%"
"Jun 28, 2017","127.78","127.41","127.89","126.48","0.30%"
"Jun 27, 2017","127.40","125.05","127.51","124.73","1.87%"
"Jun 26, 2017","125.06","124.50","125.21","124.41","0.39%"
"Jun 23, 2017","124.58","124.17","124.77","124.03","0.34%"
"Jun 22, 2017","124.16","124.35","124.47","123.83","-0.18%"
"Jun 21, 2017","124.38","124.14","124.49","123.67","0.23%"
"Jun 20, 2017","124.10","124.33","124.65","123.89","-0.19%"
"Jun 19, 2017","124.34","124.21","124.54","124.05","0.16%"
"Jun 16, 2017","124.14","123.62","124.49","123.49","0.42%"
"Jun 15, 2017","123.62","122.92","123.77","122.40","0.57%"
"Jun 14, 2017","122.92","123.40","123.69","122.74","-0.38%"
"Jun 13, 2017","123.39","123.16","123.75","123.00","0.19%"
"Jun 12, 2017","123.16","123.56","123.78","122.79","-0.30%"
"Jun 09, 2017","123.53","123.36","123.92","122.81","0.14%"
"Jun 08, 2017","123.36","123.64","124.08","123.19","-0.21%"
"Jun 07, 2017","123.62","123.40","123.78","122.63","0.19%"
"Jun 06, 2017","123.38","124.31","124.46","122.92","-0.75%"
"Jun 05, 2017","124.31","124.36","124.75","124.19","-0.21%"
"Jun 02, 2017","124.57","124.86","125.33","124.42","-0.23%"
"Jun 01, 2017","124.86","124.53","125.11","124.44","0.25%"
"May 31, 2017","124.55","123.98","124.58","123.69","0.45%"
"May 30, 2017","123.99","124.19","124.43","123.16","-0.19%"
"May 29, 2017","124.22","124.44","124.69","124.17","-0.24%"
"May 26, 2017","124.52","125.39","125.47","124.17","-0.68%"
"May 25, 2017","125.37","125.10","125.83","125.04","0.22%"
"May 24, 2017","125.09","125.00","125.41","124.89","0.06%"
"May 23, 2017","125.02","125.05","125.39","124.56","-0.03%"
"May 22, 2017","125.06","124.69","125.33","124.11","0.28%"
"May 19, 2017","124.71","123.79","124.98","123.38","0.75%"
"May 18, 2017","123.78","123.66","124.14","122.56","0.10%"
"May 17, 2017","123.66","125.38","125.41","123.62","-1.36%"
"May 16, 2017","125.36","124.88","125.83","124.56","0.38%"
"May 15, 2017","124.88","123.66","124.93","123.59","0.79%"
"May 12, 2017","123.90","123.68","123.99","123.31","0.19%"
"May 11, 2017","123.67","124.22","124.44","123.31","-0.43%"
"May 10, 2017","124.20","123.94","124.36","123.50","0.20%"
"May 09, 2017","123.95","123.72","124.56","123.61","0.19%"
"May 08, 2017","123.72","124.26","124.61","122.98","-0.20%"
"May 05, 2017","123.97","123.55","124.11","122.92","0.36%"
"May 04, 2017","123.53","122.72","123.64","122.55","0.64%"
"May 03, 2017","122.74","122.42","122.89","122.32","0.28%"
"May 02, 2017","122.40","121.92","122.62","121.84","0.42%"
"May 01, 2017","121.89","121.36","122.08","121.23","0.28%"
"Apr 28, 2017","121.55","120.97","122.03","120.68","0.47%"
"Apr 27, 2017","120.98","121.09","121.91","120.60","-0.09%"
"Apr 26, 2017","121.09","121.37","122.00","120.88","-0.24%"
"Apr 25, 2017","121.38","119.30","121.66","119.03","1.75%"
"Apr 24, 2017","119.29","120.57","120.86","118.89","1.93%"
"Apr 21, 2017","117.03","117.17","117.33","116.44","-0.12%"
"Apr 20, 2017","117.17","116.58","117.83","116.50","0.48%"
"Apr 19, 2017","116.61","116.33","117.00","116.27","0.22%"
"Apr 18, 2017","116.35","115.93","116.54","115.76","0.37%"
"Apr 17, 2017","115.92","115.27","116.08","114.84","0.56%"
"Apr 14, 2017","115.28","115.80","116.06","115.20","-0.45%"
"Apr 13, 2017","115.80","116.25","116.48","115.70","-0.43%"
"Apr 12, 2017","116.30","116.28","116.61","115.95","0.07%"
"Apr 11, 2017","116.22","117.53","117.59","116.19","-1.14%"
"Apr 10, 2017","117.56","117.77","118.12","117.47","-0.05%"
"Apr 07, 2017","117.62","117.95","118.20","117.33","-0.28%"
"Apr 06, 2017","117.95","118.06","118.45","117.36","-0.08%"
"Apr 05, 2017","118.05","118.18","118.85","117.99","-0.13%"
"Apr 04, 2017","118.20","118.31","118.39","117.42","-0.09%"
"Apr 03, 2017","118.31","118.78","119.09","118.11","-0.30%"
"Mar 31, 2017","118.67","119.49","119.86","118.61","-0.68%"
"Mar 30, 2017","119.48","119.57","119.87","119.08","-0.07%"
"Mar 29, 2017","119.56","120.15","120.47","119.01","-0.52%"
"Mar 28, 2017","120.19","120.21","120.43","119.69","-0.03%"
"Mar 27, 2017","120.23","120.08","120.36","119.55","0.00%"
"Mar 24, 2017","120.23","119.66","120.31","119.53","0.51%"
"Mar 23, 2017","119.62","120.07","120.36","119.32","-0.34%"
"Mar 22, 2017","120.03","120.72","120.84","119.64","-0.63%"
"Mar 21, 2017","120.79","120.87","121.88","120.64","-0.07%"
"Mar 20, 2017","120.87","120.90","121.46","120.69","-0.13%"
"Mar 17, 2017","121.03","121.98","122.28","120.81","-0.80%"
"Mar 16, 2017","122.00","121.69","122.06","121.14","0.24%"
"Mar 15, 2017","121.71","121.70","122.12","121.21","0.03%"
"Mar 14, 2017","121.67","122.41","122.67","121.61","-0.59%"
"Mar 13, 2017","122.39","122.47","122.89","122.11","-0.07%"
"Mar 10, 2017","122.47","121.58","122.86","121.48","0.73%"
"Mar 09, 2017","121.58","120.54","121.93","120.48","0.86%"
"Mar 08, 2017","120.54","120.45","121.15","120.01","0.08%"
"Mar 07, 2017","120.44","120.56","120.78","120.39","-0.05%"
"Mar 06, 2017","120.50","121.06","121.19","120.36","-0.51%"
"Mar 03, 2017","121.12","120.24","121.23","120.02","0.77%"
"Mar 02, 2017","120.20","119.94","120.50","119.89","0.21%"
"Mar 01, 2017","119.95","119.24","120.24","119.21","0.56%"
"Feb 28, 2017","119.28","119.36","119.44","118.69","-0.03%"
"Feb 27, 2017","119.32","118.51","119.49","118.24","0.69%"
"Feb 24, 2017","118.50","119.17","119.55","118.22","-0.55%"
"Feb 23, 2017","119.15","119.61","119.79","119.04","-0.37%"
"Feb 22, 2017","119.59","119.81","119.91","118.58","-0.17%"
"Feb 21, 2017","119.79","119.99","120.34","119.54","-0.21%"
"Feb 20, 2017","120.04","119.86","120.38","119.64","0.19%"
"Feb 17, 2017","119.81","120.88","121.16","119.70","-0.87%"
"Feb 16, 2017","120.86","121.05","121.22","120.69","-0.14%"
"Feb 15, 2017","121.03","120.86","121.34","120.63","0.14%"
"Feb 14, 2017","120.86","120.53","121.02","120.17","0.26%"
"Feb 13, 2017","120.55","120.44","121.21","120.37","0.07%"
"Feb 10, 2017","120.47","120.68","121.38","120.22","-0.18%"
"Feb 09, 2017","120.69","119.77","120.83","119.52","0.76%"
"Feb 08, 2017","119.78","120.06","120.14","119.32","-0.23%"
"Feb 07, 2017","120.06","120.14","120.27","119.50","-0.05%"
"Feb 06, 2017","120.12","121.11","121.53","119.95","-1.17%"
"Feb 03, 2017","121.54","121.37","121.80","121.08","0.15%"
"Feb 02, 2017","121.36","121.95","122.05","121.14","-0.49%"
"Feb 01, 2017","121.96","121.83","122.56","121.57","0.12%"
"Jan 31, 2017","121.81","121.67","122.28","120.99","0.12%"
"Jan 30, 2017","121.67","123.11","123.22","121.39","-1.18%"
"Jan 27, 2017","123.12","122.39","123.39","122.23","0.62%"
"Jan 26, 2017","122.36","121.75","122.72","121.67","0.49%"
"Jan 25, 2017","121.76","122.16","122.32","121.62","-0.29%"
"Jan 24, 2017","122.11","121.30","122.23","121.14","0.65%"
"Jan 23, 2017","121.32","122.47","122.55","121.14","-1.12%"
"Jan 20, 2017","122.69","122.56","123.02","122.28","0.16%"
"Jan 19, 2017","122.50","121.86","122.77","121.68","0.50%"
"Jan 18, 2017","121.89","120.67","122.00","120.55","1.01%"
"Jan 17, 2017","120.67","121.06","121.43","120.52","-0.34%"
"Jan 16, 2017","121.08","121.59","121.72","120.77","-0.68%"
"Jan 13, 2017","121.91","121.75","122.47","121.59","0.15%"
"Jan 12, 2017","121.73","122.16","122.30","121.20","-0.34%"
"Jan 11, 2017","122.14","122.19","122.61","121.17","-0.04%"
"Jan 10, 2017","122.19","122.67","123.02","122.08","-0.41%"
"Jan 09, 2017","122.69","123.23","123.75","122.39","-0.38%"
"Jan 06, 2017","123.16","122.35","123.48","122.10","0.65%"
"Jan 05, 2017","122.36","123.00","123.17","121.98","-0.52%"
"Jan 04, 2017","123.00","122.54","123.19","122.39","0.38%"
"Jan 03, 2017","122.54","122.94","123.37","122.25","-0.31%"
"Jan 02, 2017","122.92","123.08","123.58","122.78","-0.01%"
"Dec 30, 2016","122.93","122.30","123.89","122.15","0.53%"
"Dec 29, 2016","122.28","122.09","122.39","121.53","0.15%"
"Dec 28, 2016","122.10","122.79","123.28","121.82","-0.56%"
"Dec 27, 2016","122.79","122.41","123.06","122.33","0.29%"
"Dec 26, 2016","122.43","122.67","122.80","122.17","-0.23%"
"Dec 23, 2016","122.71","122.69","122.84","122.39","0.03%"
"Dec 22, 2016","122.67","122.53","123.22","122.41","0.11%"
"Dec 21, 2016","122.54","122.42","122.88","122.01","0.09%"
"Dec 20, 2016","122.43","121.85","122.84","121.72","0.52%"
"Dec 19, 2016","121.80","123.12","123.28","121.64","-1.22%"
"Dec 16, 2016","123.31","123.12","123.68","122.83","0.20%"
"Dec 15, 2016","123.07","123.30","124.13","122.53","-0.20%"
"Dec 14, 2016","123.32","122.39","123.44","122.10","0.74%"
"Dec 13, 2016","122.41","122.35","122.83","122.06","0.07%"
"Dec 12, 2016","122.32","121.57","122.93","121.32","0.35%"
"Dec 09, 2016","121.89","121.09","121.91","120.97","0.69%"
"Dec 08, 2016","121.06","122.31","123.36","120.86","-1.04%"
"Dec 07, 2016","122.33","122.21","122.62","122.00","0.11%"
"Dec 06, 2016","122.20","122.58","123.00","121.92","-0.28%"
"Dec 05, 2016","122.54","121.18","123.23","118.68","1.09%"
"Dec 02, 2016","121.22","121.66","121.95","120.87","-0.35%"
"Dec 01, 2016","121.65","121.18","121.84","120.82","0.38%"
"Nov 30, 2016","121.19","119.69","121.33","119.42","1.27%"
"Nov 29, 2016","119.67","118.80","120.00","118.48","0.72%"
"Nov 28, 2016","118.81","119.78","120.00","118.67","-0.76%"
"Nov 25, 2016","119.72","119.64","120.20","119.28","0.09%"
"Nov 24, 2016","119.61","118.75","119.91","118.50","0.73%"
"Nov 23, 2016","118.74","118.11","119.01","117.67","0.53%"
"Nov 22, 2016","118.11","117.77","118.18","117.34","0.25%"
"Nov 21, 2016","117.81","117.36","118.07","117.31","0.29%"
"Nov 18, 2016","117.47","117.05","117.62","116.78","0.39%"
"Nov 17, 2016","117.01","116.64","117.31","116.23","0.34%"
"Nov 16, 2016","116.61","117.03","117.53","116.47","-0.38%"
"Nov 15, 2016","117.06","116.42","117.25","116.05","0.55%"
"Nov 14, 2016","116.42","115.57","116.57","115.51","0.53%"
"Nov 11, 2016","115.81","116.41","116.56","115.31","-0.47%"
"Nov 10, 2016","116.36","115.28","116.62","114.94","0.94%"
"Nov 09, 2016","115.28","115.92","116.05","113.69","-0.58%"
"Nov 08, 2016","115.95","115.32","116.04","115.10","0.54%"
"Nov 07, 2016","115.33","114.86","115.89","114.81","0.37%"
"Nov 04, 2016","114.91","114.38","114.94","114.13","0.47%"
"Nov 03, 2016","114.37","114.65","114.81","114.00","-0.24%"
"Nov 02, 2016","114.64","115.12","115.20","114.34","-0.43%"
"Nov 01, 2016","115.14","115.14","115.73","114.83","0.03%"
"Oct 31, 2016","115.10","115.03","115.28","114.58","0.05%"
"Oct 28, 2016","115.04","114.76","115.38","114.58","0.27%"
"Oct 27, 2016","114.73","113.97","114.89","113.69","0.67%"
"Oct 26, 2016","113.97","113.50","114.23","113.25","0.43%"
"Oct 25, 2016","113.48","113.36","113.94","113.27","0.10%"
"Oct 24, 2016","113.37","113.03","113.62","112.82","0.31%"
"Oct 21, 2016","113.02","113.61","113.89","112.61","-0.53%"
"Oct 20, 2016","113.62","113.52","114.55","113.36","0.09%"
"Oct 19, 2016","113.52","114.05","114.18","113.11","-0.46%"
"Oct 18, 2016","114.05","114.30","114.71","113.95","-0.20%"
"Oct 17, 2016","114.28","114.29","114.60","114.01","-0.03%"
"Oct 14, 2016","114.31","114.67","115.08","114.19","-0.30%"
"Oct 13, 2016","114.65","114.71","115.18","113.92","-0.06%"
"Oct 12, 2016","114.72","114.43","115.23","114.03","0.26%"
"Oct 11, 2016","114.42","115.39","115.81","113.98","-0.84%"
"Oct 10, 2016","115.39","115.23","115.77","115.03","0.10%"
"Oct 07, 2016","115.28","115.89","116.03","115.03","-0.53%"
"Oct 06, 2016","115.89","115.94","116.28","115.69","-0.08%"
"Oct 05, 2016","115.98","115.31","116.30","115.12","0.59%"
"Oct 04, 2016","115.30","113.92","115.42","113.83","1.18%"
"Oct 03, 2016","113.95","113.88","114.15","113.64","0.03%"
"Sep 30, 2016","113.92","113.40","114.13","112.59","0.48%"
"Sep 29, 2016","113.38","112.92","114.23","112.86","0.42%"
"Sep 28, 2016","112.91","112.64","113.11","112.44","0.23%"
"Sep 27, 2016","112.65","112.93","113.61","112.24","-0.24%"
"Sep 26, 2016","112.92","113.42","113.53","112.78","-0.41%"
"Sep 23, 2016","113.38","112.94","113.67","112.89","0.41%"
"Sep 22, 2016","112.92","112.27","113.50","112.06","0.61%"
"Sep 21, 2016","112.24","113.47","114.44","112.10","-1.06%"
"Sep 20, 2016","113.44","113.92","114.03","113.39","-0.41%"
"Sep 19, 2016","113.91","114.15","114.30","113.47","-0.20%"
"Sep 16, 2016","114.14","114.81","114.94","113.94","-0.57%"
"Sep 15, 2016","114.79","115.17","115.47","114.61","-0.38%"
"Sep 14, 2016","115.23","115.03","116.12","114.88","0.15%"
"Sep 13, 2016","115.06","114.44","115.34","113.94","0.56%"
"Sep 12, 2016","114.42","115.34","115.48","114.22","-0.81%"
"Sep 09, 2016","115.35","115.41","116.00","115.03","-0.05%"
"Sep 08, 2016","115.41","114.34","115.48","114.13","0.91%"
"Sep 07, 2016","114.37","114.80","114.97","113.81","-0.40%"
"Sep 06, 2016","114.83","115.33","115.75","114.72","-0.40%"
"Sep 05, 2016","115.29","115.95","116.16","115.10","-0.62%"
"Sep 02, 2016","116.01","115.63","116.41","115.47","0.35%"
"Sep 01, 2016","115.61","115.42","115.84","115.02","0.16%"
"Aug 31, 2016","115.42","114.75","115.45","114.66","0.60%"
"Aug 30, 2016","114.73","114.06","114.97","113.83","0.61%"
"Aug 29, 2016","114.03","113.97","114.69","113.89","-0.01%"
"Aug 26, 2016","114.04","113.41","114.16","113.01","0.55%"
"Aug 25, 2016","113.42","113.14","113.62","113.06","0.25%"
"Aug 24, 2016","113.14","113.33","113.59","112.80","-0.16%"
"Aug 23, 2016","113.32","113.54","113.75","113.19","-0.21%"
"Aug 22, 2016","113.56","113.53","114.17","113.42","0.04%"
"Aug 19, 2016","113.51","113.38","113.90","113.21","0.09%"
"Aug 18, 2016","113.41","113.19","113.74","112.63","0.19%"
"Aug 17, 2016","113.19","113.15","113.97","112.84","0.04%"
"Aug 16, 2016","113.14","113.27","113.38","112.36","-0.10%"
"Aug 15, 2016","113.25","113.03","113.31","112.66","0.17%"
"Aug 12, 2016","113.06","113.58","114.06","112.75","-0.43%"
"Aug 11, 2016","113.55","113.17","113.70","112.69","0.31%"
"Aug 10, 2016","113.20","113.29","113.47","112.79","-0.09%"
"Aug 09, 2016","113.30","113.59","113.70","113.02","-0.30%"
"Aug 08, 2016","113.64","112.78","113.78","112.78","0.69%"
"Aug 05, 2016","112.86","112.62","113.17","112.30","0.20%"
"Aug 04, 2016","112.64","112.86","113.28","112.47","-0.19%"
"Aug 03, 2016","112.86","113.25","113.62","112.64","-0.37%"
"Aug 02, 2016","113.28","114.30","114.82","113.00","-0.89%"
"Aug 01, 2016","114.30","114.08","114.76","113.92","0.21%"
"Jul 29, 2016","114.06","116.57","116.75","113.85","-2.16%"
"Jul 28, 2016","116.58","116.56","116.88","115.81","0.02%"
"Jul 27, 2016","116.56","115.00","117.17","114.84","1.37%"
"Jul 26, 2016","114.99","116.29","116.43","114.45","-1.13%"
"Jul 25, 2016","116.30","116.39","117.00","116.22","-0.10%"
"Jul 22, 2016","116.42","116.72","117.31","116.20","-0.21%"
"Jul 21, 2016","116.66","117.66","118.49","116.15","-0.88%"
"Jul 20, 2016","117.69","116.99","117.96","116.52","0.62%"
"Jul 19, 2016","116.97","117.54","117.77","116.53","-0.50%"
"Jul 18, 2016","117.56","115.77","117.72","115.73","1.61%"
"Jul 15, 2016","115.70","117.11","118.42","115.47","-1.23%"
"Jul 14, 2016","117.14","115.89","118.06","115.38","1.08%"
"Jul 13, 2016","115.89","115.81","116.25","114.92","0.09%"
"Jul 12, 2016","115.79","113.67","116.43","113.27","1.86%"
"Jul 11, 2016","113.68","111.10","113.80","110.97","2.28%"
"Jul 08, 2016","111.15","111.47","111.87","110.58","-0.31%"
"Jul 07, 2016","111.50","112.52","112.64","111.25","-0.86%"
"Jul 06, 2016","112.47","112.67","112.72","110.81","-0.18%"
"Jul 05, 2016","112.67","114.38","114.46","112.37","-1.53%"
"Jul 04, 2016","114.42","114.22","114.56","113.95","0.22%"
"Jul 01, 2016","114.17","114.67","114.86","113.64","-0.47%"
"Jun 30, 2016","114.71","114.42","114.86","113.34","0.28%"
"Jun 29, 2016","114.39","113.72","114.53","112.92","0.59%"
"Jun 28, 2016","113.72","112.44","113.89","111.89","1.14%"
"Jun 27, 2016","112.44","113.03","113.28","111.39","-1.06%"
"Jun 24, 2016","113.64","120.94","122.11","109.53","-6.00%"
"Jun 23, 2016","120.89","117.97","121.03","117.95","2.50%"
"Jun 22, 2016","117.94","117.80","118.62","117.42","0.16%"
"Jun 21, 2016","117.75","117.54","118.70","117.30","0.14%"
"Jun 20, 2016","117.59","117.49","119.19","117.35","0.14%"
"Jun 17, 2016","117.42","117.06","118.14","116.93","0.33%"
"Jun 16, 2016","117.03","119.34","119.47","115.50","-1.95%"
"Jun 15, 2016","119.36","118.91","119.53","118.69","0.35%"
"Jun 14, 2016","118.94","119.97","120.14","118.52","-0.86%"
"Jun 13, 2016","119.97","120.34","120.39","118.99","-0.33%"
"Jun 10, 2016","120.37","121.20","121.25","119.91","-0.68%"
"Jun 09, 2016","121.19","121.96","122.10","120.33","-0.58%"
"Jun 08, 2016","121.90","121.92","122.05","121.33","-0.03%"
"Jun 07, 2016","121.94","122.14","122.74","121.67","-0.15%"
"Jun 06, 2016","122.12","121.00","122.38","120.81","0.85%"
"Jun 03, 2016","121.09","121.41","122.05","120.79","-0.25%"
"Jun 02, 2016","121.39","122.56","122.70","121.05","-0.96%"
"Jun 01, 2016","122.57","123.22","123.36","121.89","-0.55%"
"May 31, 2016","123.25","123.78","124.25","122.97","-0.50%"
"May 30, 2016","123.87","122.54","123.95","122.54","1.09%"
"May 27, 2016","122.53","122.86","123.09","122.17","-0.28%"
"May 26, 2016","122.87","122.93","123.11","122.25","-0.07%"
"May 25, 2016","122.95","122.55","123.14","122.42","0.33%"
"May 24, 2016","122.55","122.55","122.73","122.33","0.00%"
"May 23, 2016","122.55","123.52","123.67","122.39","-0.88%"
"May 20, 2016","123.64","123.20","124.08","123.05","0.37%"
"May 19, 2016","123.19","123.59","123.78","122.92","-0.34%"
"May 18, 2016","123.61","123.47","123.94","122.94","0.11%"
"May 17, 2016","123.48","123.43","124.22","123.19","0.05%"
"May 16, 2016","123.42","122.78","123.55","122.61","0.50%"
"May 13, 2016","122.81","124.04","124.16","122.72","-0.99%"
"May 12, 2016","124.04","123.88","124.67","123.68","0.16%"